"class","javax.media","Buffer","Coding complete."
"class","javax.media","CaptureDeviceInfo","Coding complete."
"class","javax.media","CaptureDeviceManager","Coding complete."
"class","javax.media","Format","Coding complete."
"class","javax.media","MediaLocator","Coding complete."
"class","javax.media","PackageManager","Coding complete."
"class","javax.media","PlugInManager","Coding complete."
"class","javax.media","ProcessorModel","Coding complete."
"class","javax.media.format","AudioFormat","Coding complete."
"class","javax.media.format","FormatChangeEvent","Coding complete."
"class","javax.media.format","H261Format","Coding complete."
"class","javax.media.format","H263Format","Coding complete."
"class","javax.media.format","IndexedColorFormat","Coding complete."
"class","javax.media.format","JPEGFormat","Coding complete."
"class","javax.media.format","RGBFormat","Coding complete."
"class","javax.media.format","VideoFormat","Coding complete."
"class","javax.media.format","YUVFormat","Coding complete."
"class","javax.media.protocol","DataSource","Coding complete."
"class","javax.media.protocol","InputSourceStream","Coding complete."
"class","javax.media.rtp.rtcp","SourceDescription","Coding complete."
"class","javax.media","AudioDeviceUnavailableEvent","Complete."
"class","javax.media","BadHeaderException","Complete."
"interface","javax.media","CachingControl","Complete."
"class","javax.media","CachingControlEvent","Complete."
"class","javax.media","CannotRealizeException","Complete."
"interface","javax.media","Clock","Complete."
"class","javax.media","ClockStartedError","Complete."
"class","javax.media","ClockStoppedException","Complete."
"interface","javax.media","Codec","Complete."
"class","javax.media","ConfigureCompleteEvent","Complete."
"class","javax.media","ConnectionErrorEvent","Complete."
"interface","javax.media","Control","Complete."
"interface","javax.media","Controller","Complete."
"class","javax.media","ControllerClosedEvent","Complete."
"class","javax.media","ControllerErrorEvent","Complete."
"class","javax.media","ControllerEvent","Complete."
"interface","javax.media","ControllerListener","Complete."
"interface","javax.media","Controls","Complete."
"class","javax.media","DataLostErrorEvent","Complete."
"interface","javax.media","DataSink","Complete."
"interface","javax.media","DataSinkProxy","Complete."
"class","javax.media","DataStarvedEvent","Complete."
"class","javax.media","DeallocateEvent","Complete."
"interface","javax.media","Demultiplexer","Complete."
"interface","javax.media","DownloadProgressListener","Complete."
"interface","javax.media","Drainable","Complete."
"interface","javax.media","Duration","Complete."
"class","javax.media","DurationUpdateEvent","Complete."
"interface","javax.media","Effect","Complete."
"class","javax.media","EndOfMediaEvent","Complete."
"interface","javax.media","ExtendedCachingControl","Complete."
"class","javax.media","GainChangeEvent","Complete."
"interface","javax.media","GainChangeListener","Complete."
"interface","javax.media","GainControl","Complete."
"class","javax.media","IncompatibleSourceException","Complete."
"class","javax.media","IncompatibleTimeBaseException","Complete."
"class","javax.media","InternalErrorEvent","Complete."
"class","javax.media","MediaError","Complete."
"class","javax.media","MediaEvent","Complete."
"class","javax.media","MediaException","Complete."
"interface","javax.media","MediaHandler","Complete."
"interface","javax.media","MediaProxy","Complete."
"class","javax.media","MediaTimeSetEvent","Complete."
"interface","javax.media","Multiplexer","Complete."
"class","javax.media","NoDataSinkException","Complete."
"class","javax.media","NoDataSourceException","Complete."
"class","javax.media","NoPlayerException","Complete."
"class","javax.media","NoProcessorException","Complete."
"class","javax.media","NotConfiguredError","Complete."
"class","javax.media","NotPrefetchedError","Complete."
"class","javax.media","NotRealizedError","Complete."
"interface","javax.media","Owned","Complete."
"interface","javax.media","Player","Complete."
"interface","javax.media","PlugIn","Complete."
"interface","javax.media","Prefetchable","Complete."
"class","javax.media","PrefetchCompleteEvent","Complete."
"interface","javax.media","Processor","Complete."
"class","javax.media","RateChangeEvent","Complete."
"class","javax.media","RealizeCompleteEvent","Complete."
"interface","javax.media","Renderer","Complete."
"class","javax.media","ResourceUnavailableEvent","Complete."
"class","javax.media","ResourceUnavailableException","Complete."
"class","javax.media","RestartingEvent","Complete."
"class","javax.media","SizeChangeEvent","Complete."
"class","javax.media","StartEvent","Complete."
"class","javax.media","StopAtTimeEvent","Complete."
"class","javax.media","StopByRequestEvent","Complete."
"class","javax.media","StopEvent","Complete."
"class","javax.media","StopTimeChangeEvent","Complete."
"class","javax.media","StopTimeSetError","Complete."
"class","javax.media","SystemTimeBase","Complete."
"class","javax.media","Time","Complete."
"interface","javax.media","TimeBase","Complete."
"interface","javax.media","Track","Complete."
"interface","javax.media","TrackListener","Complete."
"class","javax.media","TransitionEvent","Complete."
"class","javax.media","UnsupportedPlugInException","Complete."
"interface","javax.media.control","BitRateControl","Complete."
"interface","javax.media.control","BufferControl","Complete."
"interface","javax.media.control","FormatControl","Complete."
"interface","javax.media.control","FrameGrabbingControl","Complete."
"interface","javax.media.control","FramePositioningControl","Complete."
"interface","javax.media.control","FrameProcessingControl","Complete."
"interface","javax.media.control","FrameRateControl","Complete."
"interface","javax.media.control","H261Control","Complete."
"interface","javax.media.control","H263Control","Complete."
"interface","javax.media.control","KeyFrameControl","Complete."
"interface","javax.media.control","MonitorControl","Complete."
"interface","javax.media.control","MpegAudioControl","Complete."
"interface","javax.media.control","PacketSizeControl","Complete."
"interface","javax.media.control","PortControl","Complete."
"interface","javax.media.control","QualityControl","Complete."
"interface","javax.media.control","RtspControl","Complete."
"interface","javax.media.control","SilenceSuppressionControl","Complete."
"interface","javax.media.control","StreamWriterControl","Complete."
"interface","javax.media.control","TrackControl","Complete."
"class","javax.media.datasink","DataSinkErrorEvent","Complete."
"class","javax.media.datasink","DataSinkEvent","Complete."
"interface","javax.media.datasink","DataSinkListener","Complete."
"class","javax.media.datasink","EndOfStreamEvent","Complete."
"class","javax.media.format","UnsupportedFormatException","Complete."
"interface","javax.media.protocol","BufferTransferHandler","Complete."
"interface","javax.media.protocol","CachedStream","Complete."
"interface","javax.media.protocol","CaptureDevice","Complete."
"class","javax.media.protocol","ContentDescriptor","Complete."
"interface","javax.media.protocol","Controls","Complete."
"class","javax.media.protocol","FileTypeDescriptor","Complete."
"interface","javax.media.protocol","Positionable","Complete."
"class","javax.media.protocol","PullBufferDataSource","Complete."
"interface","javax.media.protocol","PullBufferStream","Complete."
"class","javax.media.protocol","PullDataSource","Complete."
"interface","javax.media.protocol","PullSourceStream","Complete."
"class","javax.media.protocol","PushBufferDataSource","Complete."
"interface","javax.media.protocol","PushBufferStream","Complete."
"interface","javax.media.protocol","PushSourceStream","Complete."
"interface","javax.media.protocol","RateConfiguration","Complete."
"interface","javax.media.protocol","RateConfigureable","Complete."
"class","javax.media.protocol","RateRange","Complete."
"interface","javax.media.protocol","Seekable","Complete."
"interface","javax.media.protocol","SourceCloneable","Complete."
"interface","javax.media.protocol","SourceStream","Complete."
"interface","javax.media.protocol","SourceTransferHandler","Complete."
"interface","javax.media.renderer","VideoRenderer","Complete."
"interface","javax.media.renderer","VisualContainer","Complete."
"interface","javax.media.rtp","DataChannel","Complete."
"class","javax.media.rtp","EncryptionInfo","Complete."
"interface","javax.media.rtp","GlobalReceptionStats","Complete."
"interface","javax.media.rtp","GlobalTransmissionStats","Complete."
"class","javax.media.rtp","InvalidSessionAddressException","Complete."
"interface","javax.media.rtp","LocalParticipant","Complete."
"interface","javax.media.rtp","OutputDataStream","Complete."
"interface","javax.media.rtp","Participant","Complete."
"interface","javax.media.rtp","ReceiveStream","Complete."
"interface","javax.media.rtp","ReceiveStreamListener","Complete."
"interface","javax.media.rtp","ReceptionStats","Complete."
"interface","javax.media.rtp","RemoteListener","Complete."
"interface","javax.media.rtp","RemoteParticipant","Complete."
"interface","javax.media.rtp","RTPConnector","Complete."
"interface","javax.media.rtp","RTPControl","Complete."
"interface","javax.media.rtp","RTPStream","Complete."
"interface","javax.media.rtp","SendStream","Complete."
"interface","javax.media.rtp","SendStreamListener","Complete."
"interface","javax.media.rtp","SessionListener","Complete."
"interface","javax.media.rtp","SessionManager","Complete."
"class","javax.media.rtp","SessionManagerException","Complete."
"class","javax.media.rtp","SSRCInUseException","Complete."
"interface","javax.media.rtp","TransmissionStats","Complete."
"class","javax.media.rtp.event","ActiveReceiveStreamEvent","Complete."
"class","javax.media.rtp.event","ActiveSendStreamEvent","Complete."
"class","javax.media.rtp.event","ApplicationEvent","Complete."
"class","javax.media.rtp.event","ByeEvent","Complete."
"class","javax.media.rtp.event","InactiveReceiveStreamEvent","Complete."
"class","javax.media.rtp.event","InactiveSendStreamEvent","Complete."
"class","javax.media.rtp.event","LocalCollisionEvent","Complete."
"class","javax.media.rtp.event","LocalPayloadChangeEvent","Complete."
"class","javax.media.rtp.event","NewParticipantEvent","Complete."
"class","javax.media.rtp.event","NewReceiveStreamEvent","Complete."
"class","javax.media.rtp.event","NewSendStreamEvent","Complete."
"class","javax.media.rtp.event","ReceiverReportEvent","Complete."
"class","javax.media.rtp.event","ReceiveStreamEvent","Complete."
"class","javax.media.rtp.event","RemoteCollisionEvent","Complete."
"class","javax.media.rtp.event","RemoteEvent","Complete."
"class","javax.media.rtp.event","RemotePayloadChangeEvent","Complete."
"class","javax.media.rtp.event","RTPEvent","Complete."
"class","javax.media.rtp.event","SenderReportEvent","Complete."
"class","javax.media.rtp.event","SendStreamEvent","Complete."
"class","javax.media.rtp.event","SessionEvent","Complete."
"class","javax.media.rtp.event","StreamClosedEvent","Complete."
"class","javax.media.rtp.event","StreamMappedEvent","Complete."
"class","javax.media.rtp.event","TimeoutEvent","Complete."
"interface","javax.media.rtp.rtcp","Feedback","Complete."
"interface","javax.media.rtp.rtcp","ReceiverReport","Complete."
"interface","javax.media.rtp.rtcp","Report","Complete."
"interface","javax.media.rtp.rtcp","SenderReport","Complete."
"class","javax.media","ControllerAdapter","In progress."
"class","javax.media.protocol","PushDataSource","In progress."
"class","javax.media.protocol","URLDataSource","In progress."
"class","javax.media.util","BufferToImage","In progress."
"class","javax.media","Manager","In Progress."
"class","javax.media.bean.playerbean","MediaPlayer","Stub."
"class","javax.media.bean.playerbean","MediaPlayerBeanInfo","Stub."
"class","javax.media.bean.playerbean","MediaPlayerInfoResBundle_en_US","Stub."
"class","javax.media.bean.playerbean","MediaPlayerMediaLocationEditor","Stub."
"class","javax.media.bean.playerbean","MediaPlayerResource","Stub."
"class","javax.media.bean.playerbean","MediaPlayerRTPDialog","Stub."
"class","javax.media.bean.playerbean","MediaPlayerVolumePropertyEditor","Stub."
"class","javax.media.rtp","RTPHeader","Coding complete."
"class","javax.media.rtp","RTPManager","Coding complete."
"class","javax.media.rtp","RTPPushDataSource","Stub."
"class","javax.media.rtp","RTPSocket","Stub."
"class","javax.media.rtp","SessionAddress","Coding complete."
"class","javax.media.util","ImageToBuffer","Stub."
